행정동,요일명,시간,단속건수
금곡동,금,1,1
금곡동,금,2,1
금곡동,금,19,5
금곡동,금,21,2
금곡동,목,0,1
금곡동,목,3,1
금곡동,목,11,1
금곡동,목,21,1
금곡동,목,22,1
금곡동,수,3,1
금곡동,수,17,1
금곡동,수,20,3
금곡동,수,21,1
금곡동,월,0,2
금곡동,월,16,8
금곡동,월,20,5
금곡동,월,22,1
금곡동,월,23,1
금곡동,일,1,1
금곡동,일,2,2
금곡동,일,4,2
금곡동,일,11,1
금곡동,일,12,1
금곡동,일,22,1
금곡동,일,23,1
금곡동,토,1,1
금곡동,토,9,1
금곡동,토,14,2
금곡동,토,15,1
금곡동,토,22,2
금곡동,화,0,1
금곡동,화,1,2
금곡동,화,20,1
금곡동,화,21,1
금곡동,화,22,2
기배동,금,7,1
기배동,금,10,2
기배동,금,11,1
기배동,금,12,5
기배동,금,13,2
기배동,금,14,1
기배동,금,15,1
기배동,금,16,1
기배동,금,17,5
기배동,금,18,9
기배동,금,19,6
기배동,금,20,7
기배동,금,21,3
기배동,목,10,2
기배동,목,11,1
기배동,목,12,5
기배동,목,13,2
기배동,목,14,2
기배동,목,15,1
기배동,목,16,3
기배동,목,17,3
기배동,목,18,3
기배동,목,19,6
기배동,목,20,9
기배동,목,21,2
기배동,수,7,2
기배동,수,8,2
기배동,수,11,2
기배동,수,12,2
기배동,수,14,2
기배동,수,15,3
기배동,수,17,1
기배동,수,18,4
기배동,수,19,3
기배동,수,20,5
기배동,수,21,4
기배동,월,8,2
기배동,월,10,2
기배동,월,11,2
기배동,월,12,8
기배동,월,13,2
기배동,월,14,3
기배동,월,15,1
기배동,월,16,2
기배동,월,17,3
기배동,월,18,3
기배동,월,19,4
기배동,월,20,7
기배동,월,21,2
기배동,일,9,1
기배동,일,15,3
기배동,일,16,1
기배동,일,18,1
기배동,토,9,1
기배동,토,10,5
기배동,토,15,1
기배동,토,16,1
기배동,화,7,2
기배동,화,8,1
기배동,화,11,2
기배동,화,12,2
기배동,화,13,2
기배동,화,18,4
기배동,화,19,5
기배동,화,20,3
기배동,화,21,3
기산동,금,1,2
기산동,금,7,4
기산동,금,8,6
기산동,금,9,1
기산동,금,10,1
기산동,금,11,1
기산동,금,13,3
기산동,금,15,7
기산동,금,16,9
기산동,금,17,15
기산동,금,18,6
기산동,금,19,5
기산동,금,20,4
기산동,금,21,9
기산동,금,23,1
기산동,목,0,1
기산동,목,7,6
기산동,목,8,5
기산동,목,9,3
기산동,목,10,4
기산동,목,11,3
기산동,목,13,2
기산동,목,15,3
기산동,목,16,5
기산동,목,17,9
기산동,목,19,4
기산동,목,20,7
기산동,수,7,3
기산동,수,8,14
기산동,수,9,1
기산동,수,10,5
기산동,수,11,2
기산동,수,13,1
기산동,수,14,4
기산동,수,15,5
기산동,수,16,12
기산동,수,17,16
기산동,수,18,6
기산동,수,19,4
기산동,수,20,12
기산동,수,21,1
기산동,월,0,1
기산동,월,7,1
기산동,월,9,3
기산동,월,10,9
기산동,월,11,2
기산동,월,12,2
기산동,월,15,9
기산동,월,16,11
기산동,월,17,9
기산동,월,18,3
기산동,월,19,10
기산동,월,20,16
기산동,월,21,5
기산동,일,7,1
기산동,일,8,1
기산동,일,9,10
기산동,일,10,8
기산동,일,12,2
기산동,일,13,3
기산동,일,14,5
기산동,일,15,3
기산동,일,16,7
기산동,일,17,4
기산동,일,20,1
기산동,일,23,1
기산동,토,9,1
기산동,토,10,4
기산동,토,12,1
기산동,토,13,7
기산동,토,14,3
기산동,토,15,3
기산동,토,16,2
기산동,토,17,1
기산동,화,7,8
기산동,화,8,4
기산동,화,9,4
기산동,화,10,11
기산동,화,11,4
기산동,화,13,1
기산동,화,15,7
기산동,화,16,7
기산동,화,17,15
기산동,화,18,4
기산동,화,19,3
기산동,화,20,14
기산동,화,21,1
기안동,금,7,11
기안동,금,8,26
기안동,금,9,4
기안동,금,10,13
기안동,금,11,2
기안동,금,14,9
기안동,금,15,13
기안동,금,16,4
기안동,금,17,3
기안동,금,18,7
기안동,금,19,13
기안동,금,20,19
기안동,금,21,15
기안동,목,7,11
기안동,목,8,27
기안동,목,9,7
기안동,목,10,11
기안동,목,12,2
기안동,목,13,1
기안동,목,15,7
기안동,목,16,8
기안동,목,17,9
기안동,목,18,8
기안동,목,19,9
기안동,목,20,21
기안동,목,21,12
기안동,목,22,1
기안동,수,7,6
기안동,수,8,26
기안동,수,9,11
기안동,수,10,13
기안동,수,11,7
기안동,수,13,7
기안동,수,14,12
기안동,수,15,10
기안동,수,16,13
기안동,수,17,4
기안동,수,18,6
기안동,수,19,13
기안동,수,20,10
기안동,수,21,12
기안동,수,22,1
기안동,월,2,1
기안동,월,7,14
기안동,월,8,78
기안동,월,9,6
기안동,월,10,4
기안동,월,11,6
기안동,월,12,3
기안동,월,13,4
기안동,월,14,7
기안동,월,15,14
기안동,월,16,10
기안동,월,17,15
기안동,월,18,8
기안동,월,19,7
기안동,월,20,13
기안동,월,21,8
기안동,일,1,1
기안동,일,9,23
기안동,일,10,7
기안동,일,11,2
기안동,일,12,4
기안동,일,13,3
기안동,일,14,5
기안동,일,15,51
기안동,일,16,27
기안동,일,17,19
기안동,일,18,1
기안동,일,20,1
기안동,일,21,1
기안동,토,9,25
기안동,토,10,17
기안동,토,11,1
기안동,토,12,2
기안동,토,13,1
기안동,토,14,1
기안동,토,15,61
기안동,토,16,28
기안동,토,17,16
기안동,토,18,1
기안동,토,23,1
기안동,화,7,12
기안동,화,8,36
기안동,화,9,6
기안동,화,10,2
기안동,화,11,8
기안동,화,13,2
기안동,화,14,14
기안동,화,15,10
기안동,화,16,20
기안동,화,17,6
기안동,화,18,8
기안동,화,19,5
기안동,화,20,7
기안동,화,21,9
기안동,화,23,2
남양읍,금,0,7
남양읍,금,1,2
남양읍,금,6,10
남양읍,금,7,337
남양읍,금,8,153
남양읍,금,9,439
남양읍,금,10,411
남양읍,금,11,33
남양읍,금,12,43
남양읍,금,13,20
남양읍,금,14,24
남양읍,금,15,704
남양읍,금,16,515
남양읍,금,17,489
남양읍,금,18,83
남양읍,금,19,139
남양읍,금,20,117
남양읍,금,21,74
남양읍,금,22,6
남양읍,금,23,2
남양읍,목,0,6
남양읍,목,1,1
남양읍,목,3,1
남양읍,목,6,5
남양읍,목,7,333
남양읍,목,8,151
남양읍,목,9,335
남양읍,목,10,368
남양읍,목,11,25
남양읍,목,12,61
남양읍,목,13,24
남양읍,목,14,21
남양읍,목,15,752
남양읍,목,16,484
남양읍,목,17,487
남양읍,목,18,69
남양읍,목,19,116
남양읍,목,20,132
남양읍,목,21,49
남양읍,목,22,6
남양읍,목,23,7
남양읍,수,0,1
남양읍,수,1,1
남양읍,수,3,1
남양읍,수,5,2
남양읍,수,6,10
남양읍,수,7,348
남양읍,수,8,152
남양읍,수,9,445
남양읍,수,10,438
남양읍,수,11,31
남양읍,수,12,36
남양읍,수,13,22
남양읍,수,14,32
남양읍,수,15,744
남양읍,수,16,519
남양읍,수,17,526
남양읍,수,18,82
남양읍,수,19,154
남양읍,수,20,78
남양읍,수,21,60
남양읍,수,22,4
남양읍,수,23,6
남양읍,월,1,1
남양읍,월,2,1
남양읍,월,6,8
남양읍,월,7,263
남양읍,월,8,196
남양읍,월,9,454
남양읍,월,10,428
남양읍,월,11,34
남양읍,월,12,46
남양읍,월,13,37
남양읍,월,14,32
남양읍,월,15,985
남양읍,월,16,588
남양읍,월,17,488
남양읍,월,18,71
남양읍,월,19,96
남양읍,월,20,61
남양읍,월,21,53
남양읍,월,22,3
남양읍,월,23,3
남양읍,일,0,1
남양읍,일,1,7
남양읍,일,2,7
남양읍,일,6,2
남양읍,일,7,6
남양읍,일,8,10
남양읍,일,9,8
남양읍,일,10,22
남양읍,일,11,6
남양읍,일,12,10
남양읍,일,13,15
남양읍,일,14,21
남양읍,일,15,22
남양읍,일,16,23
남양읍,일,17,19
남양읍,일,18,4
남양읍,일,19,9
남양읍,일,20,5
남양읍,일,21,2
남양읍,일,22,4
남양읍,일,23,2
남양읍,토,0,9
남양읍,토,1,3
남양읍,토,2,2
남양읍,토,6,17
남양읍,토,7,17
남양읍,토,8,9
남양읍,토,9,10
남양읍,토,10,9
남양읍,토,11,11
남양읍,토,12,22
남양읍,토,13,28
남양읍,토,14,14
남양읍,토,15,29
남양읍,토,16,18
남양읍,토,17,25
남양읍,토,18,16
남양읍,토,19,16
남양읍,토,20,12
남양읍,토,21,12
남양읍,토,22,3
남양읍,토,23,4
남양읍,화,0,4
남양읍,화,1,9
남양읍,화,2,4
남양읍,화,3,7
남양읍,화,4,1
남양읍,화,6,7
남양읍,화,7,331
남양읍,화,8,205
남양읍,화,9,464
남양읍,화,10,358
남양읍,화,11,19
남양읍,화,12,26
남양읍,화,13,23
남양읍,화,14,17
남양읍,화,15,876
남양읍,화,16,507
남양읍,화,17,472
남양읍,화,18,85
남양읍,화,19,95
남양읍,화,20,114
남양읍,화,21,58
남양읍,화,22,6
남양읍,화,23,3
능동,금,2,1
능동,금,7,55
능동,금,8,19
능동,금,9,24
능동,금,10,127
능동,금,11,10
능동,금,12,6
능동,금,13,3
능동,금,14,2
능동,금,15,87
능동,금,16,81
능동,금,17,69
능동,금,18,82
능동,금,19,81
능동,금,20,100
능동,금,21,79
능동,금,23,2
능동,목,7,38
능동,목,8,19
능동,목,9,34
능동,목,10,117
능동,목,11,6
능동,목,12,6
능동,목,13,5
능동,목,14,3
능동,목,15,100
능동,목,16,88
능동,목,17,81
능동,목,18,76
능동,목,19,94
능동,목,20,119
능동,목,21,105
능동,목,22,1
능동,수,1,1
능동,수,7,35
능동,수,8,19
능동,수,9,33
능동,수,10,115
능동,수,11,10
능동,수,12,6
능동,수,13,2
능동,수,14,4
능동,수,15,91
능동,수,16,94
능동,수,17,103
능동,수,18,76
능동,수,19,99
능동,수,20,113
능동,수,21,74
능동,수,22,3
능동,수,23,1
능동,월,0,3
능동,월,7,35
능동,월,8,19
능동,월,9,48
능동,월,10,71
능동,월,11,1
능동,월,12,7
능동,월,13,1
능동,월,14,4
능동,월,15,77
능동,월,16,110
능동,월,17,103
능동,월,18,88
능동,월,19,101
능동,월,20,143
능동,월,21,87
능동,월,23,1
능동,일,0,1
능동,일,8,2
능동,일,9,4
능동,일,10,5
능동,일,11,1
능동,일,12,6
능동,일,14,3
능동,일,15,154
능동,일,16,88
능동,일,17,69
능동,일,20,2
능동,일,21,1
능동,일,22,2
능동,토,8,1
능동,토,9,108
능동,토,10,94
능동,토,11,5
능동,토,12,3
능동,토,13,1
능동,토,14,3
능동,토,15,140
능동,토,16,104
능동,토,17,84
능동,토,18,4
능동,토,19,1
능동,토,22,1
능동,토,23,3
능동,화,0,1
능동,화,1,1
능동,화,6,1
능동,화,7,34
능동,화,8,11
능동,화,9,44
능동,화,10,104
능동,화,11,19
능동,화,12,4
능동,화,13,3
능동,화,14,1
능동,화,15,82
능동,화,16,117
능동,화,17,109
능동,화,18,62
능동,화,19,93
능동,화,20,100
능동,화,21,92
능동,화,22,2
능동,화,23,1
마도면,금,9,9
마도면,금,10,15
마도면,금,11,3
마도면,금,12,4
마도면,금,13,1
마도면,금,15,25
마도면,금,16,17
마도면,금,17,17
마도면,금,18,3
마도면,금,19,1
마도면,금,20,1
마도면,금,21,1
마도면,목,7,1
마도면,목,8,1
마도면,목,9,13
마도면,목,10,13
마도면,목,11,5
마도면,목,12,8
마도면,목,13,2
마도면,목,14,1
마도면,목,15,21
마도면,목,16,9
마도면,목,17,22
마도면,목,18,1
마도면,수,8,5
마도면,수,9,14
마도면,수,10,15
마도면,수,11,7
마도면,수,12,7
마도면,수,13,2
마도면,수,15,28
마도면,수,16,22
마도면,수,17,22
마도면,수,18,2
마도면,수,20,1
마도면,수,23,2
마도면,월,0,8
마도면,월,8,2
마도면,월,9,26
마도면,월,10,14
마도면,월,11,2
마도면,월,12,6
마도면,월,13,1
마도면,월,15,30
마도면,월,16,9
마도면,월,17,21
마도면,월,19,1
마도면,일,9,1
마도면,일,10,3
마도면,일,13,1
마도면,일,15,1
마도면,일,16,1
마도면,일,17,1
마도면,일,18,1
마도면,일,23,1
마도면,토,10,1
마도면,토,11,1
마도면,토,15,1
마도면,토,16,10
마도면,화,7,1
마도면,화,8,1
마도면,화,9,7
마도면,화,10,13
마도면,화,11,6
마도면,화,12,1
마도면,화,13,1
마도면,화,14,1
마도면,화,15,23
마도면,화,16,10
마도면,화,17,15
매송면,금,7,1
매송면,금,9,2
매송면,금,10,2
매송면,금,11,2
매송면,금,12,3
매송면,금,13,1
매송면,금,15,4
매송면,금,16,1
매송면,금,17,1
매송면,금,19,1
매송면,목,8,1
매송면,목,9,1
매송면,목,11,1
매송면,목,12,5
매송면,목,13,2
매송면,목,14,2
매송면,목,15,19
매송면,목,16,1
매송면,목,17,1
매송면,목,18,1
매송면,목,19,1
매송면,목,22,2
매송면,수,1,2
매송면,수,2,1
매송면,수,3,1
매송면,수,6,1
매송면,수,9,58
매송면,수,10,2
매송면,수,11,1
매송면,수,12,2
매송면,수,13,2
매송면,수,15,3
매송면,수,16,7
매송면,수,17,1
매송면,수,18,1
매송면,수,19,3
매송면,월,8,1
매송면,월,9,13
매송면,월,10,35
매송면,월,11,1
매송면,월,12,6
매송면,월,13,1
매송면,월,15,38
매송면,월,16,1
매송면,월,17,1
매송면,월,18,1
매송면,일,6,2
매송면,일,7,2
매송면,일,10,1
매송면,일,12,2
매송면,일,14,2
매송면,일,15,1
매송면,일,17,1
매송면,토,7,3
매송면,토,8,1
매송면,토,11,3
매송면,토,12,2
매송면,토,13,2
매송면,토,15,1
매송면,토,16,2
매송면,토,19,1
매송면,화,9,53
매송면,화,10,19
매송면,화,12,4
매송면,화,13,1
매송면,화,14,1
매송면,화,15,8
매송면,화,17,1
매송면,화,19,1
목동,금,0,1
목동,금,5,1
목동,금,7,14
목동,금,8,12
목동,금,9,20
목동,금,10,35
목동,금,11,18
목동,금,12,2
목동,금,13,4
목동,금,14,18
목동,금,15,31
목동,금,16,80
목동,금,17,82
목동,금,18,51
목동,금,19,60
목동,금,20,59
목동,금,21,27
목동,금,22,4
목동,금,23,5
목동,목,6,1
목동,목,7,12
목동,목,8,11
목동,목,9,26
목동,목,10,49
목동,목,11,5
목동,목,12,10
목동,목,13,26
목동,목,14,6
목동,목,15,42
목동,목,16,94
목동,목,17,120
목동,목,18,50
목동,목,19,42
목동,목,20,65
목동,목,21,27
목동,목,22,14
목동,목,23,2
목동,수,5,1
목동,수,6,2
목동,수,7,11
목동,수,8,7
목동,수,9,24
목동,수,10,32
목동,수,11,7
목동,수,12,6
목동,수,13,12
목동,수,14,9
목동,수,15,26
목동,수,16,72
목동,수,17,52
목동,수,18,36
목동,수,19,62
목동,수,20,50
목동,수,21,21
목동,수,22,6
목동,월,7,4
목동,월,8,8
목동,월,9,24
목동,월,10,65
목동,월,11,4
목동,월,12,2
목동,월,13,12
목동,월,14,8
목동,월,15,61
목동,월,16,120
목동,월,17,76
목동,월,18,43
목동,월,19,35
목동,월,20,37
목동,월,21,26
목동,월,22,6
목동,월,23,1
목동,일,0,1
목동,일,6,2
목동,일,7,4
목동,일,8,6
목동,일,9,6
목동,일,10,11
목동,일,11,8
목동,일,12,11
목동,일,13,23
목동,일,14,8
목동,일,15,85
목동,일,16,120
목동,일,17,48
목동,일,18,23
목동,일,19,19
목동,일,20,8
목동,일,21,2
목동,일,22,1
목동,토,5,1
목동,토,6,10
목동,토,7,14
목동,토,8,12
목동,토,9,71
목동,토,10,83
목동,토,11,18
목동,토,12,24
목동,토,13,21
목동,토,14,29
목동,토,15,46
목동,토,16,47
목동,토,17,45
목동,토,18,23
목동,토,19,21
목동,토,20,17
목동,토,21,8
목동,토,22,4
목동,토,23,4
목동,화,6,1
목동,화,7,11
목동,화,8,10
목동,화,9,18
목동,화,10,40
목동,화,11,1
목동,화,12,9
목동,화,13,13
목동,화,14,12
목동,화,15,32
목동,화,16,82
목동,화,17,120
목동,화,18,40
목동,화,19,47
목동,화,20,44
목동,화,21,29
목동,화,23,1
반송동,금,0,6
반송동,금,1,2
반송동,금,2,4
반송동,금,3,4
반송동,금,4,1
반송동,금,6,1
반송동,금,7,174
반송동,금,8,59
반송동,금,9,91
반송동,금,10,165
반송동,금,11,16
반송동,금,12,8
반송동,금,13,19
반송동,금,14,40
반송동,금,15,242
반송동,금,16,227
반송동,금,17,250
반송동,금,18,235
반송동,금,19,319
반송동,금,20,403
반송동,금,21,317
반송동,금,22,82
반송동,금,23,37
반송동,목,0,11
반송동,목,1,7
반송동,목,2,5
반송동,목,3,3
반송동,목,5,2
반송동,목,7,187
반송동,목,8,54
반송동,목,9,83
반송동,목,10,124
반송동,목,11,5
반송동,목,12,8
반송동,목,13,9
반송동,목,14,19
반송동,목,15,234
반송동,목,16,236
반송동,목,17,208
반송동,목,18,256
반송동,목,19,351
반송동,목,20,438
반송동,목,21,323
반송동,목,22,49
반송동,목,23,32
반송동,수,0,5
반송동,수,1,4
반송동,수,2,5
반송동,수,5,1
반송동,수,7,184
반송동,수,8,68
반송동,수,9,93
반송동,수,10,140
반송동,수,11,13
반송동,수,12,9
반송동,수,13,19
반송동,수,14,15
반송동,수,15,247
반송동,수,16,203
반송동,수,17,241
반송동,수,18,304
반송동,수,19,343
반송동,수,20,407
반송동,수,21,370
반송동,수,22,43
반송동,수,23,22
반송동,월,0,5
반송동,월,1,3
반송동,월,2,7
반송동,월,4,1
반송동,월,5,2
반송동,월,6,1
반송동,월,7,127
반송동,월,8,36
반송동,월,9,95
반송동,월,10,146
반송동,월,11,15
반송동,월,12,13
반송동,월,13,25
반송동,월,14,27
반송동,월,15,224
반송동,월,16,218
반송동,월,17,205
반송동,월,18,210
반송동,월,19,243
반송동,월,20,298
반송동,월,21,239
반송동,월,22,23
반송동,월,23,11
반송동,일,0,7
반송동,일,1,10
반송동,일,2,6
반송동,일,4,3
반송동,일,6,1
반송동,일,7,3
반송동,일,8,13
반송동,일,9,35
반송동,일,10,36
반송동,일,11,26
반송동,일,12,30
반송동,일,13,19
반송동,일,14,37
반송동,일,15,395
반송동,일,16,201
반송동,일,17,186
반송동,일,18,26
반송동,일,19,33
반송동,일,20,26
반송동,일,21,23
반송동,일,22,12
반송동,일,23,7
반송동,토,0,6
반송동,토,1,4
반송동,토,2,1
반송동,토,3,1
반송동,토,4,3
반송동,토,6,1
반송동,토,7,1
반송동,토,8,16
반송동,토,9,346
반송동,토,10,211
반송동,토,11,38
반송동,토,12,26
반송동,토,13,44
반송동,토,14,19
반송동,토,15,396
반송동,토,16,281
반송동,토,17,294
반송동,토,18,28
반송동,토,19,32
반송동,토,20,39
반송동,토,21,47
반송동,토,22,50
반송동,토,23,25
반송동,화,0,4
반송동,화,1,3
반송동,화,2,3
반송동,화,3,1
반송동,화,4,2
반송동,화,5,1
반송동,화,6,1
반송동,화,7,152
반송동,화,8,45
반송동,화,9,87
반송동,화,10,141
반송동,화,11,13
반송동,화,12,15
반송동,화,13,7
반송동,화,14,23
반송동,화,15,270
반송동,화,16,206
반송동,화,17,232
반송동,화,18,230
반송동,화,19,349
반송동,화,20,375
반송동,화,21,266
반송동,화,22,28
반송동,화,23,29
반월동,금,0,1
반월동,금,7,6
반월동,금,8,5
반월동,금,9,8
반월동,금,10,12
반월동,금,11,7
반월동,금,12,12
반월동,금,13,8
반월동,금,14,4
반월동,금,15,45
반월동,금,16,37
반월동,금,17,25
반월동,금,18,15
반월동,금,19,26
반월동,금,20,31
반월동,금,21,19
반월동,목,0,1
반월동,목,1,1
반월동,목,5,1
반월동,목,6,3
반월동,목,7,10
반월동,목,8,12
반월동,목,9,10
반월동,목,10,29
반월동,목,11,10
반월동,목,12,7
반월동,목,13,7
반월동,목,14,16
반월동,목,15,42
반월동,목,16,39
반월동,목,17,28
반월동,목,18,19
반월동,목,19,19
반월동,목,20,29
반월동,목,21,17
반월동,수,7,10
반월동,수,8,6
반월동,수,9,9
반월동,수,10,25
반월동,수,11,7
반월동,수,12,7
반월동,수,13,10
반월동,수,14,11
반월동,수,15,27
반월동,수,16,39
반월동,수,17,22
반월동,수,18,16
반월동,수,19,18
반월동,수,20,22
반월동,수,21,19
반월동,수,23,1
반월동,월,5,2
반월동,월,7,6
반월동,월,8,6
반월동,월,9,10
반월동,월,10,10
반월동,월,11,10
반월동,월,12,7
반월동,월,13,7
반월동,월,14,16
반월동,월,15,35
반월동,월,16,42
반월동,월,17,23
반월동,월,18,15
반월동,월,19,9
반월동,월,20,18
반월동,월,21,15
반월동,일,8,1
반월동,일,9,11
반월동,일,10,12
반월동,일,11,2
반월동,일,12,1
반월동,일,13,3
반월동,일,15,15
반월동,일,16,4
반월동,일,17,10
반월동,일,19,1
반월동,토,9,16
반월동,토,10,13
반월동,토,11,4
반월동,토,13,3
반월동,토,14,4
반월동,토,15,33
반월동,토,16,17
반월동,토,17,11
반월동,토,19,1
반월동,화,5,1
반월동,화,7,9
반월동,화,8,6
반월동,화,9,6
반월동,화,10,21
반월동,화,11,16
반월동,화,12,1
반월동,화,13,9
반월동,화,14,15
반월동,화,15,36
반월동,화,16,43
반월동,화,17,32
반월동,화,18,20
반월동,화,19,13
반월동,화,20,25
반월동,화,21,10
반월동,화,23,1
방교동,금,1,1
방교동,금,3,4
방교동,금,4,1
방교동,금,6,1
방교동,금,7,25
방교동,금,8,90
방교동,금,9,81
방교동,금,10,174
방교동,금,11,61
방교동,금,12,36
방교동,금,13,33
방교동,금,14,38
방교동,금,15,55
방교동,금,16,72
방교동,금,17,37
방교동,금,18,14
방교동,금,19,44
방교동,금,20,13
방교동,금,21,7
방교동,금,22,3
방교동,금,23,2
방교동,목,4,4
방교동,목,7,42
방교동,목,8,99
방교동,목,9,120
방교동,목,10,212
방교동,목,11,70
방교동,목,12,54
방교동,목,13,47
방교동,목,14,29
방교동,목,15,49
방교동,목,16,114
방교동,목,17,46
방교동,목,18,25
방교동,목,19,32
방교동,목,20,18
방교동,목,21,6
방교동,목,22,1
방교동,수,1,1
방교동,수,4,1
방교동,수,7,35
방교동,수,8,99
방교동,수,9,88
방교동,수,10,230
방교동,수,11,66
방교동,수,12,66
방교동,수,13,47
방교동,수,14,34
방교동,수,15,89
방교동,수,16,98
방교동,수,17,84
방교동,수,18,38
방교동,수,19,30
방교동,수,20,23
방교동,수,21,10
방교동,월,3,1
방교동,월,4,2
방교동,월,6,1
방교동,월,7,29
방교동,월,8,72
방교동,월,9,80
방교동,월,10,274
방교동,월,11,35
방교동,월,12,48
방교동,월,13,40
방교동,월,14,41
방교동,월,15,59
방교동,월,16,81
방교동,월,17,55
방교동,월,18,25
방교동,월,19,61
방교동,월,20,6
방교동,월,21,8
방교동,월,22,1
방교동,일,8,2
방교동,일,11,2
방교동,일,12,2
방교동,일,14,2
방교동,일,15,29
방교동,일,16,7
방교동,일,17,5
방교동,일,18,2
방교동,일,19,1
방교동,일,21,1
방교동,토,4,2
방교동,토,7,1
방교동,토,8,1
방교동,토,9,16
방교동,토,10,16
방교동,토,11,1
방교동,토,12,3
방교동,토,13,6
방교동,토,14,3
방교동,토,15,15
방교동,토,16,10
방교동,토,17,14
방교동,토,18,11
방교동,토,19,1
방교동,토,20,1
방교동,화,6,1
방교동,화,7,29
방교동,화,8,106
방교동,화,9,85
방교동,화,10,280
방교동,화,11,80
방교동,화,12,78
방교동,화,13,35
방교동,화,14,43
방교동,화,15,51
방교동,화,16,68
방교동,화,17,97
방교동,화,18,20
방교동,화,19,51
방교동,화,20,23
방교동,화,21,8
방교동,화,23,1
병점동,금,1,1
병점동,금,2,2
병점동,금,7,58
병점동,금,8,48
병점동,금,9,53
병점동,금,10,108
병점동,금,11,21
병점동,금,12,14
병점동,금,13,18
병점동,금,14,20
병점동,금,15,119
병점동,금,16,95
병점동,금,17,89
병점동,금,18,82
병점동,금,19,97
병점동,금,20,166
병점동,금,21,72
병점동,금,22,5
병점동,목,0,1
병점동,목,7,41
병점동,목,8,51
병점동,목,9,63
병점동,목,10,94
병점동,목,11,12
병점동,목,12,15
병점동,목,13,15
병점동,목,14,13
병점동,목,15,120
병점동,목,16,77
병점동,목,17,82
병점동,목,18,67
병점동,목,19,89
병점동,목,20,169
병점동,목,21,76
병점동,목,22,1
병점동,목,23,1
병점동,수,0,1
병점동,수,2,1
병점동,수,6,1
병점동,수,7,44
병점동,수,8,45
병점동,수,9,58
병점동,수,10,89
병점동,수,11,19
병점동,수,12,9
병점동,수,13,20
병점동,수,14,13
병점동,수,15,125
병점동,수,16,108
병점동,수,17,80
병점동,수,18,82
병점동,수,19,95
병점동,수,20,138
병점동,수,21,64
병점동,수,22,2
병점동,수,23,2
병점동,월,1,1
병점동,월,2,1
병점동,월,5,1
병점동,월,6,1
병점동,월,7,52
병점동,월,8,37
병점동,월,9,60
병점동,월,10,121
병점동,월,11,22
병점동,월,12,8
병점동,월,13,23
병점동,월,14,13
병점동,월,15,107
병점동,월,16,95
병점동,월,17,75
병점동,월,18,59
병점동,월,19,68
병점동,월,20,129
병점동,월,21,65
병점동,월,22,4
병점동,일,1,1
병점동,일,3,1
병점동,일,5,1
병점동,일,7,1
병점동,일,8,2
병점동,일,9,106
병점동,일,10,59
병점동,일,11,7
병점동,일,12,9
병점동,일,13,8
병점동,일,14,6
병점동,일,15,214
병점동,일,16,129
병점동,일,17,90
병점동,일,18,4
병점동,일,19,5
병점동,일,20,5
병점동,일,21,3
병점동,토,0,4
병점동,토,1,2
병점동,토,2,1
병점동,토,5,1
병점동,토,7,2
병점동,토,9,128
병점동,토,10,86
병점동,토,11,7
병점동,토,12,9
병점동,토,13,13
병점동,토,14,10
병점동,토,15,178
병점동,토,16,115
병점동,토,17,96
병점동,토,18,4
병점동,토,19,1
병점동,토,20,7
병점동,토,21,2
병점동,토,22,1
병점동,토,23,1
병점동,화,0,1
병점동,화,2,1
병점동,화,6,1
병점동,화,7,64
병점동,화,8,40
병점동,화,9,69
병점동,화,10,81
병점동,화,11,18
병점동,화,12,6
병점동,화,13,13
병점동,화,14,22
병점동,화,15,128
병점동,화,16,102
병점동,화,17,102
병점동,화,18,62
병점동,화,19,99
병점동,화,20,144
병점동,화,21,69
봉담읍,금,0,5
봉담읍,금,1,4
봉담읍,금,2,4
봉담읍,금,3,1
봉담읍,금,5,1
봉담읍,금,6,25
봉담읍,금,7,62
봉담읍,금,8,60
봉담읍,금,9,254
봉담읍,금,10,145
봉담읍,금,11,34
봉담읍,금,12,43
봉담읍,금,13,24
봉담읍,금,14,31
봉담읍,금,15,233
봉담읍,금,16,280
봉담읍,금,17,175
봉담읍,금,18,195
봉담읍,금,19,165
봉담읍,금,20,395
봉담읍,금,21,123
봉담읍,금,22,13
봉담읍,금,23,17
봉담읍,목,0,5
봉담읍,목,1,4
봉담읍,목,2,6
봉담읍,목,3,2
봉담읍,목,5,4
봉담읍,목,6,16
봉담읍,목,7,42
봉담읍,목,8,57
봉담읍,목,9,238
봉담읍,목,10,185
봉담읍,목,11,16
봉담읍,목,12,20
봉담읍,목,13,33
봉담읍,목,14,22
봉담읍,목,15,300
봉담읍,목,16,193
봉담읍,목,17,147
봉담읍,목,18,268
봉담읍,목,19,240
봉담읍,목,20,292
봉담읍,목,21,105
봉담읍,목,22,15
봉담읍,목,23,7
봉담읍,수,0,1
봉담읍,수,1,5
봉담읍,수,2,4
봉담읍,수,3,9
봉담읍,수,5,2
봉담읍,수,6,5
봉담읍,수,7,46
봉담읍,수,8,50
봉담읍,수,9,206
봉담읍,수,10,125
봉담읍,수,11,19
봉담읍,수,12,34
봉담읍,수,13,23
봉담읍,수,14,24
봉담읍,수,15,378
봉담읍,수,16,183
봉담읍,수,17,175
봉담읍,수,18,247
봉담읍,수,19,212
봉담읍,수,20,384
봉담읍,수,21,139
봉담읍,수,22,12
봉담읍,수,23,14
봉담읍,월,1,6
봉담읍,월,3,1
봉담읍,월,4,1
봉담읍,월,5,2
봉담읍,월,6,6
봉담읍,월,7,59
봉담읍,월,8,65
봉담읍,월,9,280
봉담읍,월,10,227
봉담읍,월,11,21
봉담읍,월,12,31
봉담읍,월,13,28
봉담읍,월,14,28
봉담읍,월,15,220
봉담읍,월,16,255
봉담읍,월,17,177
봉담읍,월,18,211
봉담읍,월,19,246
봉담읍,월,20,297
봉담읍,월,21,100
봉담읍,월,22,14
봉담읍,월,23,8
봉담읍,일,0,13
봉담읍,일,1,5
봉담읍,일,2,4
봉담읍,일,3,1
봉담읍,일,4,1
봉담읍,일,5,2
봉담읍,일,6,8
봉담읍,일,7,5
봉담읍,일,8,9
봉담읍,일,9,169
봉담읍,일,10,167
봉담읍,일,11,22
봉담읍,일,12,23
봉담읍,일,13,30
봉담읍,일,14,36
봉담읍,일,15,323
봉담읍,일,16,196
봉담읍,일,17,137
봉담읍,일,18,17
봉담읍,일,19,19
봉담읍,일,20,18
봉담읍,일,21,11
봉담읍,일,22,15
봉담읍,일,23,10
봉담읍,토,0,5
봉담읍,토,1,5
봉담읍,토,2,6
봉담읍,토,3,4
봉담읍,토,4,2
봉담읍,토,5,1
봉담읍,토,6,4
봉담읍,토,7,9
봉담읍,토,8,3
봉담읍,토,9,249
봉담읍,토,10,218
봉담읍,토,11,22
봉담읍,토,12,40
봉담읍,토,13,38
봉담읍,토,14,31
봉담읍,토,15,306
봉담읍,토,16,193
봉담읍,토,17,149
봉담읍,토,18,34
봉담읍,토,19,24
봉담읍,토,20,10
봉담읍,토,21,17
봉담읍,토,22,4
봉담읍,토,23,19
봉담읍,화,0,5
봉담읍,화,1,4
봉담읍,화,3,1
봉담읍,화,5,6
봉담읍,화,6,20
봉담읍,화,7,47
봉담읍,화,8,57
봉담읍,화,9,226
봉담읍,화,10,144
봉담읍,화,11,18
봉담읍,화,12,34
봉담읍,화,13,25
봉담읍,화,14,32
봉담읍,화,15,232
봉담읍,화,16,192
봉담읍,화,17,157
봉담읍,화,18,206
봉담읍,화,19,192
봉담읍,화,20,277
봉담읍,화,21,113
봉담읍,화,22,23
봉담읍,화,23,12
비봉면,금,2,1
비봉면,금,9,11
비봉면,금,10,8
비봉면,금,11,1
비봉면,금,17,3
비봉면,목,8,9
비봉면,목,9,1
비봉면,목,10,2
비봉면,목,11,1
비봉면,목,14,1
비봉면,목,17,1
비봉면,목,22,1
비봉면,수,7,1
비봉면,수,9,6
비봉면,수,10,3
비봉면,수,11,1
비봉면,수,12,2
비봉면,수,13,1
비봉면,수,16,1
비봉면,수,19,1
비봉면,월,9,14
비봉면,월,10,3
비봉면,월,14,3
비봉면,월,15,1
비봉면,월,16,12
비봉면,월,22,1
비봉면,일,7,1
비봉면,일,10,1
비봉면,일,11,1
비봉면,일,12,2
비봉면,일,14,1
비봉면,일,15,1
비봉면,일,16,1
비봉면,일,18,1
비봉면,토,10,1
비봉면,토,22,1
비봉면,화,10,2
비봉면,화,13,1
비봉면,화,16,1
비봉면,화,18,2
비봉면,화,20,1
산척동,금,0,1
산척동,금,1,1
산척동,금,6,21
산척동,금,7,52
산척동,금,8,44
산척동,금,9,90
산척동,금,10,107
산척동,금,11,20
산척동,금,12,9
산척동,금,13,25
산척동,금,14,22
산척동,금,15,189
산척동,금,16,174
산척동,금,17,163
산척동,금,18,123
산척동,금,19,164
산척동,금,20,163
산척동,금,21,160
산척동,금,22,5
산척동,금,23,1
산척동,목,0,2
산척동,목,2,1
산척동,목,5,4
산척동,목,6,23
산척동,목,7,39
산척동,목,8,48
산척동,목,9,86
산척동,목,10,121
산척동,목,11,16
산척동,목,12,12
산척동,목,13,10
산척동,목,14,32
산척동,목,15,143
산척동,목,16,155
산척동,목,17,155
산척동,목,18,128
산척동,목,19,184
산척동,목,20,163
산척동,목,21,135
산척동,목,22,11
산척동,목,23,6
산척동,수,0,2
산척동,수,6,25
산척동,수,7,39
산척동,수,8,25
산척동,수,9,66
산척동,수,10,103
산척동,수,11,7
산척동,수,12,11
산척동,수,13,17
산척동,수,14,9
산척동,수,15,201
산척동,수,16,161
산척동,수,17,142
산척동,수,18,135
산척동,수,19,145
산척동,수,20,187
산척동,수,21,165
산척동,수,22,4
산척동,수,23,4
산척동,월,0,1
산척동,월,5,3
산척동,월,6,21
산척동,월,7,34
산척동,월,8,18
산척동,월,9,93
산척동,월,10,153
산척동,월,11,13
산척동,월,12,6
산척동,월,13,19
산척동,월,14,19
산척동,월,15,201
산척동,월,16,189
산척동,월,17,152
산척동,월,18,134
산척동,월,19,129
산척동,월,20,145
산척동,월,21,137
산척동,월,22,8
산척동,월,23,1
산척동,일,5,3
산척동,일,6,4
산척동,일,7,4
산척동,일,8,14
산척동,일,9,11
산척동,일,10,24
산척동,일,11,17
산척동,일,12,10
산척동,일,13,25
산척동,일,14,12
산척동,일,15,380
산척동,일,16,294
산척동,일,17,208
산척동,일,18,10
산척동,일,19,17
산척동,일,20,13
산척동,일,21,2
산척동,일,22,4
산척동,일,23,3
산척동,토,0,2
산척동,토,5,3
산척동,토,6,9
산척동,토,7,21
산척동,토,8,15
산척동,토,9,175
산척동,토,10,217
산척동,토,11,25
산척동,토,12,21
산척동,토,13,20
산척동,토,14,26
산척동,토,15,314
산척동,토,16,218
산척동,토,17,194
산척동,토,18,9
산척동,토,19,10
산척동,토,20,9
산척동,토,21,12
산척동,토,22,8
산척동,화,0,2
산척동,화,1,1
산척동,화,5,3
산척동,화,6,20
산척동,화,7,38
산척동,화,8,47
산척동,화,9,64
산척동,화,10,110
산척동,화,11,11
산척동,화,12,12
산척동,화,13,13
산척동,화,14,13
산척동,화,15,185
산척동,화,16,155
산척동,화,17,138
산척동,화,18,129
산척동,화,19,145
산척동,화,20,160
산척동,화,21,127
산척동,화,22,3
새솔동,금,0,1
새솔동,금,5,1
새솔동,금,7,34
새솔동,금,8,19
새솔동,금,9,54
새솔동,금,10,68
새솔동,금,11,16
새솔동,금,12,9
새솔동,금,13,15
새솔동,금,14,6
새솔동,금,15,125
새솔동,금,16,113
새솔동,금,17,95
새솔동,금,18,103
새솔동,금,19,149
새솔동,금,20,111
새솔동,금,21,58
새솔동,금,23,1
새솔동,목,7,31
새솔동,목,8,27
새솔동,목,9,54
새솔동,목,10,47
새솔동,목,11,16
새솔동,목,12,10
새솔동,목,13,10
새솔동,목,14,17
새솔동,목,15,98
새솔동,목,16,123
새솔동,목,17,116
새솔동,목,18,94
새솔동,목,19,131
새솔동,목,20,124
새솔동,목,21,53
새솔동,목,22,2
새솔동,목,23,1
새솔동,수,6,1
새솔동,수,7,38
새솔동,수,8,18
새솔동,수,9,47
새솔동,수,10,62
새솔동,수,11,15
새솔동,수,12,16
새솔동,수,13,11
새솔동,수,14,7
새솔동,수,15,106
새솔동,수,16,88
새솔동,수,17,97
새솔동,수,18,114
새솔동,수,19,144
새솔동,수,20,137
새솔동,수,21,60
새솔동,수,22,1
새솔동,수,23,1
새솔동,월,2,1
새솔동,월,6,1
새솔동,월,7,28
새솔동,월,8,30
새솔동,월,9,60
새솔동,월,10,85
새솔동,월,11,16
새솔동,월,12,24
새솔동,월,13,15
새솔동,월,14,14
새솔동,월,15,132
새솔동,월,16,117
새솔동,월,17,99
새솔동,월,18,110
새솔동,월,19,116
새솔동,월,20,85
새솔동,월,21,41
새솔동,월,22,1
새솔동,월,23,2
새솔동,일,8,1
새솔동,일,9,137
새솔동,일,10,112
새솔동,일,11,8
새솔동,일,12,5
새솔동,일,13,6
새솔동,일,14,11
새솔동,일,15,267
새솔동,일,16,191
새솔동,일,17,126
새솔동,일,18,2
새솔동,일,19,4
새솔동,일,20,1
새솔동,일,21,1
새솔동,일,22,1
새솔동,토,0,2
새솔동,토,6,1
새솔동,토,7,1
새솔동,토,8,3
새솔동,토,9,133
새솔동,토,10,118
새솔동,토,11,4
새솔동,토,12,3
새솔동,토,13,6
새솔동,토,14,7
새솔동,토,15,242
새솔동,토,16,142
새솔동,토,17,119
새솔동,토,18,5
새솔동,토,19,4
새솔동,토,20,6
새솔동,토,23,2
새솔동,화,7,33
새솔동,화,8,31
새솔동,화,9,60
새솔동,화,10,69
새솔동,화,11,8
새솔동,화,12,15
새솔동,화,13,13
새솔동,화,14,11
새솔동,화,15,126
새솔동,화,16,127
새솔동,화,17,116
새솔동,화,18,117
새솔동,화,19,148
새솔동,화,20,138
새솔동,화,21,46
새솔동,화,22,2
새솔동,화,23,1
서신면,금,7,1
서신면,금,9,19
서신면,금,10,13
서신면,금,11,4
서신면,금,12,5
서신면,금,13,3
서신면,금,14,8
서신면,금,15,37
서신면,금,16,12
서신면,금,17,37
서신면,목,9,21
서신면,목,10,38
서신면,목,11,5
서신면,목,12,8
서신면,목,13,5
서신면,목,14,8
서신면,목,15,32
서신면,목,16,28
서신면,목,17,44
서신면,수,9,29
서신면,수,10,16
서신면,수,11,3
서신면,수,12,5
서신면,수,13,2
서신면,수,14,5
서신면,수,15,29
서신면,수,16,22
서신면,수,17,51
서신면,수,18,2
서신면,수,19,1
서신면,수,21,2
서신면,월,9,18
서신면,월,10,17
서신면,월,11,8
서신면,월,12,8
서신면,월,13,4
서신면,월,14,6
서신면,월,15,26
서신면,월,16,20
서신면,월,17,30
서신면,월,19,1
서신면,일,9,2
서신면,일,10,5
서신면,일,11,6
서신면,일,12,19
서신면,일,13,21
서신면,일,14,20
서신면,일,15,30
서신면,일,16,19
서신면,일,17,6
서신면,토,6,1
서신면,토,9,1
서신면,토,10,8
서신면,토,11,7
서신면,토,12,13
서신면,토,13,16
서신면,토,14,10
서신면,토,15,19
서신면,토,16,19
서신면,토,17,10
서신면,토,19,1
서신면,화,8,2
서신면,화,9,20
서신면,화,10,15
서신면,화,11,3
서신면,화,12,3
서신면,화,13,5
서신면,화,14,10
서신면,화,15,29
서신면,화,16,19
서신면,화,17,39
서신면,화,18,3
서신면,화,19,1
석우동,금,0,1
석우동,금,1,5
석우동,금,6,3
석우동,금,7,424
석우동,금,8,196
석우동,금,9,242
석우동,금,10,1202
석우동,금,11,19
석우동,금,12,33
석우동,금,13,12
석우동,금,14,12
석우동,금,15,232
석우동,금,16,415
석우동,금,17,94
석우동,금,18,115
석우동,금,19,130
석우동,금,20,144
석우동,금,21,87
석우동,금,22,24
석우동,금,23,9
석우동,목,0,4
석우동,목,1,5
석우동,목,6,54
석우동,목,7,335
석우동,목,8,154
석우동,목,9,273
석우동,목,10,1474
석우동,목,11,19
석우동,목,12,42
석우동,목,13,15
석우동,목,14,35
석우동,목,15,355
석우동,목,16,493
석우동,목,17,131
석우동,목,18,98
석우동,목,19,178
석우동,목,20,138
석우동,목,21,104
석우동,목,22,18
석우동,목,23,12
석우동,수,0,9
석우동,수,4,1
석우동,수,5,2
석우동,수,6,16
석우동,수,7,399
석우동,수,8,266
석우동,수,9,333
석우동,수,10,1245
석우동,수,11,42
석우동,수,12,42
석우동,수,13,13
석우동,수,14,30
석우동,수,15,267
석우동,수,16,791
석우동,수,17,108
석우동,수,18,137
석우동,수,19,104
석우동,수,20,185
석우동,수,21,131
석우동,수,22,23
석우동,수,23,6
석우동,월,0,5
석우동,월,1,1
석우동,월,4,8
석우동,월,5,1
석우동,월,6,30
석우동,월,7,437
석우동,월,8,127
석우동,월,9,324
석우동,월,10,1533
석우동,월,11,39
석우동,월,12,14
석우동,월,13,26
석우동,월,14,25
석우동,월,15,227
석우동,월,16,364
석우동,월,17,146
석우동,월,18,85
석우동,월,19,144
석우동,월,20,146
석우동,월,21,103
석우동,월,22,5
석우동,일,0,35
석우동,일,1,16
석우동,일,2,11
석우동,일,7,2
석우동,일,9,31
석우동,일,10,96
석우동,일,11,5
석우동,일,12,3
석우동,일,13,7
석우동,일,14,10
석우동,일,15,77
석우동,일,16,101
석우동,일,17,54
석우동,일,18,8
석우동,일,19,13
석우동,일,20,8
석우동,일,21,13
석우동,토,0,6
석우동,토,1,26
석우동,토,2,18
석우동,토,3,11
석우동,토,4,1
석우동,토,5,1
석우동,토,6,23
석우동,토,7,4
석우동,토,8,32
석우동,토,9,247
석우동,토,10,154
석우동,토,11,51
석우동,토,12,25
석우동,토,13,30
석우동,토,14,28
석우동,토,15,220
석우동,토,16,162
석우동,토,17,83
석우동,토,18,9
석우동,토,19,30
석우동,토,20,40
석우동,토,21,21
석우동,토,22,33
석우동,토,23,9
석우동,화,0,7
석우동,화,6,7
석우동,화,7,344
석우동,화,8,170
석우동,화,9,306
석우동,화,10,1785
석우동,화,11,33
석우동,화,12,61
석우동,화,13,20
석우동,화,14,28
석우동,화,15,325
석우동,화,16,568
석우동,화,17,219
석우동,화,18,103
석우동,화,19,108
석우동,화,20,123
석우동,화,21,154
석우동,화,22,11
석우동,화,23,6
송동,금,0,1
송동,금,7,34
송동,금,8,27
송동,금,9,25
송동,금,10,47
송동,금,11,2
송동,금,12,12
송동,금,13,11
송동,금,14,9
송동,금,15,39
송동,금,16,94
송동,금,17,109
송동,금,18,25
송동,금,19,44
송동,금,20,69
송동,금,21,74
송동,금,22,9
송동,금,23,3
송동,목,7,42
송동,목,8,20
송동,목,9,23
송동,목,10,136
송동,목,11,4
송동,목,12,6
송동,목,13,3
송동,목,14,30
송동,목,15,42
송동,목,16,117
송동,목,17,71
송동,목,18,24
송동,목,19,35
송동,목,20,60
송동,목,21,81
송동,목,22,3
송동,목,23,2
송동,수,7,31
송동,수,8,25
송동,수,9,16
송동,수,10,19
송동,수,11,1
송동,수,12,7
송동,수,13,13
송동,수,14,11
송동,수,15,50
송동,수,16,107
송동,수,17,41
송동,수,18,30
송동,수,19,32
송동,수,20,46
송동,수,21,58
송동,수,22,5
송동,수,23,4
송동,월,7,49
송동,월,8,20
송동,월,9,22
송동,월,10,92
송동,월,11,1
송동,월,12,2
송동,월,13,11
송동,월,14,11
송동,월,15,49
송동,월,16,60
송동,월,17,50
송동,월,18,29
송동,월,19,40
송동,월,20,60
송동,월,21,57
송동,월,22,8
송동,월,23,1
송동,일,0,1
송동,일,7,3
송동,일,8,8
송동,일,9,31
송동,일,10,12
송동,일,11,16
송동,일,12,20
송동,일,13,37
송동,일,14,41
송동,일,15,303
송동,일,16,208
송동,일,17,153
송동,일,18,20
송동,일,19,18
송동,일,20,12
송동,일,21,8
송동,일,22,7
송동,일,23,2
송동,토,0,2
송동,토,8,9
송동,토,9,73
송동,토,10,60
송동,토,11,12
송동,토,12,46
송동,토,13,30
송동,토,14,20
송동,토,15,163
송동,토,16,140
송동,토,17,112
송동,토,18,52
송동,토,19,30
송동,토,20,25
송동,토,21,16
송동,토,22,4
송동,토,23,3
송동,화,2,1
송동,화,6,1
송동,화,7,27
송동,화,8,20
송동,화,9,25
송동,화,10,52
송동,화,11,5
송동,화,12,1
송동,화,13,13
송동,화,14,5
송동,화,15,73
송동,화,16,98
송동,화,17,31
송동,화,18,46
송동,화,19,33
송동,화,20,51
송동,화,21,50
송동,화,23,4
송산동,금,1,1
송산동,금,6,1
송산동,금,7,12
송산동,금,8,28
송산동,금,9,11
송산동,금,10,9
송산동,금,11,7
송산동,금,12,6
송산동,금,13,4
송산동,금,14,3
송산동,금,15,12
송산동,금,16,6
송산동,금,17,5
송산동,금,18,22
송산동,금,19,13
송산동,금,20,23
송산동,금,21,20
송산동,금,22,44
송산동,금,23,15
송산동,목,0,1
송산동,목,1,1
송산동,목,2,1
송산동,목,5,1
송산동,목,7,28
송산동,목,8,28
송산동,목,9,7
송산동,목,10,10
송산동,목,11,8
송산동,목,12,3
송산동,목,13,2
송산동,목,14,4
송산동,목,15,8
송산동,목,16,10
송산동,목,17,15
송산동,목,18,12
송산동,목,19,20
송산동,목,20,25
송산동,목,21,26
송산동,목,22,7
송산동,목,23,4
송산동,수,0,2
송산동,수,1,1
송산동,수,7,25
송산동,수,8,21
송산동,수,9,12
송산동,수,10,9
송산동,수,11,4
송산동,수,12,10
송산동,수,13,7
송산동,수,14,5
송산동,수,15,11
송산동,수,16,8
송산동,수,17,12
송산동,수,18,26
송산동,수,19,33
송산동,수,20,33
송산동,수,21,37
송산동,수,22,15
송산동,수,23,3
송산동,월,0,2
송산동,월,1,1
송산동,월,7,22
송산동,월,8,20
송산동,월,9,9
송산동,월,10,12
송산동,월,11,9
송산동,월,12,1
송산동,월,13,2
송산동,월,14,2
송산동,월,15,15
송산동,월,16,11
송산동,월,17,8
송산동,월,18,34
송산동,월,19,13
송산동,월,20,18
송산동,월,21,18
송산동,월,22,19
송산동,월,23,4
송산동,일,0,10
송산동,일,8,3
송산동,일,9,23
송산동,일,10,7
송산동,일,11,12
송산동,일,12,4
송산동,일,13,7
송산동,일,14,6
송산동,일,15,20
송산동,일,16,16
송산동,일,17,19
송산동,일,18,11
송산동,일,19,8
송산동,일,20,29
송산동,일,21,34
송산동,일,22,20
송산동,일,23,6
송산동,토,1,3
송산동,토,3,1
송산동,토,5,1
송산동,토,6,4
송산동,토,7,2
송산동,토,8,5
송산동,토,9,40
송산동,토,10,24
송산동,토,11,2
송산동,토,12,3
송산동,토,13,5
송산동,토,14,4
송산동,토,15,12
송산동,토,16,21
송산동,토,17,16
송산동,토,18,5
송산동,토,19,4
송산동,토,20,10
송산동,토,21,25
송산동,토,22,17
송산동,토,23,4
송산동,화,1,6
송산동,화,7,20
송산동,화,8,43
송산동,화,9,13
송산동,화,10,17
송산동,화,11,1
송산동,화,12,4
송산동,화,13,4
송산동,화,15,11
송산동,화,16,11
송산동,화,17,16
송산동,화,18,20
송산동,화,19,33
송산동,화,20,22
송산동,화,21,33
송산동,화,22,13
송산동,화,23,4
송산면,금,9,28
송산면,금,10,18
송산면,금,11,4
송산면,금,13,4
송산면,금,14,8
송산면,금,15,69
송산면,금,16,46
송산면,금,17,31
송산면,금,18,6
송산면,금,19,2
송산면,금,20,1
송산면,금,22,2
송산면,금,23,2
송산면,목,5,1
송산면,목,8,1
송산면,목,9,13
송산면,목,10,13
송산면,목,11,1
송산면,목,12,3
송산면,목,13,1
송산면,목,14,3
송산면,목,15,64
송산면,목,16,34
송산면,목,17,27
송산면,목,18,5
송산면,목,19,5
송산면,목,20,1
송산면,목,23,1
송산면,수,9,40
송산면,수,10,25
송산면,수,11,2
송산면,수,12,1
송산면,수,13,2
송산면,수,15,63
송산면,수,16,42
송산면,수,17,26
송산면,수,18,15
송산면,수,19,3
송산면,수,20,1
송산면,수,21,15
송산면,월,1,1
송산면,월,8,1
송산면,월,9,29
송산면,월,10,20
송산면,월,13,1
송산면,월,15,36
송산면,월,16,71
송산면,월,17,35
송산면,월,18,20
송산면,월,21,2
송산면,월,22,1
송산면,월,23,1
송산면,일,1,1
송산면,일,10,4
송산면,일,11,3
송산면,일,12,7
송산면,일,15,10
송산면,일,21,1
송산면,토,0,3
송산면,토,9,1
송산면,토,10,1
송산면,토,11,12
송산면,토,12,2
송산면,토,14,1
송산면,토,15,12
송산면,토,16,14
송산면,토,17,5
송산면,토,18,1
송산면,토,19,5
송산면,토,20,1
송산면,토,22,3
송산면,토,23,1
송산면,화,2,1
송산면,화,7,1
송산면,화,8,2
송산면,화,9,16
송산면,화,10,19
송산면,화,13,2
송산면,화,15,76
송산면,화,16,34
송산면,화,17,33
송산면,화,18,2
송산면,화,19,2
송산면,화,20,1
송산면,화,21,1
송산면,화,23,1
신동,금,0,1
신동,금,2,1
신동,금,7,11
신동,금,8,62
신동,금,9,160
신동,금,10,163
신동,금,11,15
신동,금,12,7
신동,금,13,8
신동,금,14,20
신동,금,15,204
신동,금,16,151
신동,금,17,139
신동,금,19,4
신동,금,20,1
신동,금,21,1
신동,금,22,1
신동,금,23,2
신동,목,2,1
신동,목,7,5
신동,목,8,59
신동,목,9,142
신동,목,10,103
신동,목,11,13
신동,목,12,4
신동,목,13,2
신동,목,14,15
신동,목,15,239
신동,목,16,123
신동,목,17,156
신동,목,18,4
신동,목,19,2
신동,목,20,10
신동,목,21,2
신동,목,22,1
신동,목,23,1
신동,수,4,3
신동,수,5,1
신동,수,6,1
신동,수,7,4
신동,수,8,52
신동,수,9,163
신동,수,10,197
신동,수,11,41
신동,수,12,6
신동,수,13,6
신동,수,14,1
신동,수,15,199
신동,수,16,114
신동,수,17,175
신동,수,18,6
신동,수,19,5
신동,수,20,16
신동,수,21,5
신동,월,0,2
신동,월,2,1
신동,월,7,1
신동,월,8,23
신동,월,9,140
신동,월,10,95
신동,월,11,16
신동,월,12,1
신동,월,13,3
신동,월,14,15
신동,월,15,153
신동,월,16,150
신동,월,17,136
신동,월,19,9
신동,월,20,9
신동,월,21,3
신동,월,22,1
신동,월,23,5
신동,일,1,1
신동,일,8,4
신동,일,9,1
신동,일,10,2
신동,일,15,111
신동,일,16,72
신동,일,17,197
신동,일,21,1
신동,일,23,1
신동,토,2,3
신동,토,4,3
신동,토,9,208
신동,토,10,80
신동,토,11,2
신동,토,12,5
신동,토,13,3
신동,토,14,7
신동,토,15,154
신동,토,16,83
신동,토,17,168
신동,토,19,1
신동,화,1,2
신동,화,7,5
신동,화,8,30
신동,화,9,143
신동,화,10,76
신동,화,11,37
신동,화,13,10
신동,화,14,6
신동,화,15,185
신동,화,16,226
신동,화,17,116
신동,화,18,1
신동,화,20,5
신동,화,21,1
신동,화,22,1
안녕동,금,1,1
안녕동,금,6,3
안녕동,금,7,16
안녕동,금,8,11
안녕동,금,9,12
안녕동,금,10,54
안녕동,금,11,16
안녕동,금,12,3
안녕동,금,13,4
안녕동,금,14,15
안녕동,금,15,15
안녕동,금,16,15
안녕동,금,17,3
안녕동,금,18,7
안녕동,금,19,11
안녕동,금,20,14
안녕동,금,21,21
안녕동,금,22,13
안녕동,금,23,3
안녕동,목,7,20
안녕동,목,8,17
안녕동,목,9,15
안녕동,목,10,13
안녕동,목,11,6
안녕동,목,12,1
안녕동,목,13,3
안녕동,목,14,8
안녕동,목,15,29
안녕동,목,16,43
안녕동,목,17,12
안녕동,목,18,6
안녕동,목,19,8
안녕동,목,20,31
안녕동,목,21,7
안녕동,목,22,3
안녕동,수,7,13
안녕동,수,8,19
안녕동,수,9,15
안녕동,수,10,43
안녕동,수,11,8
안녕동,수,12,7
안녕동,수,13,7
안녕동,수,14,9
안녕동,수,15,13
안녕동,수,16,37
안녕동,수,17,14
안녕동,수,18,10
안녕동,수,19,9
안녕동,수,20,12
안녕동,수,21,21
안녕동,수,22,4
안녕동,월,0,1
안녕동,월,7,18
안녕동,월,8,11
안녕동,월,9,46
안녕동,월,10,32
안녕동,월,11,5
안녕동,월,12,6
안녕동,월,13,8
안녕동,월,14,9
안녕동,월,15,9
안녕동,월,16,30
안녕동,월,17,10
안녕동,월,18,10
안녕동,월,19,11
안녕동,월,20,7
안녕동,월,21,16
안녕동,월,22,2
안녕동,일,5,1
안녕동,일,8,1
안녕동,일,9,29
안녕동,일,10,8
안녕동,일,11,1
안녕동,일,12,3
안녕동,일,13,8
안녕동,일,14,16
안녕동,일,15,22
안녕동,일,16,14
안녕동,일,17,11
안녕동,일,18,1
안녕동,일,20,7
안녕동,일,21,17
안녕동,일,22,6
안녕동,토,0,2
안녕동,토,5,2
안녕동,토,6,1
안녕동,토,8,2
안녕동,토,9,23
안녕동,토,10,8
안녕동,토,11,3
안녕동,토,12,3
안녕동,토,13,9
안녕동,토,14,2
안녕동,토,15,37
안녕동,토,16,12
안녕동,토,17,23
안녕동,토,18,1
안녕동,토,19,1
안녕동,토,20,14
안녕동,토,21,13
안녕동,토,22,3
안녕동,화,6,1
안녕동,화,7,14
안녕동,화,8,20
안녕동,화,9,14
안녕동,화,10,24
안녕동,화,11,2
안녕동,화,12,6
안녕동,화,13,10
안녕동,화,14,1
안녕동,화,15,24
안녕동,화,16,19
안녕동,화,17,10
안녕동,화,18,9
안녕동,화,19,5
안녕동,화,20,32
안녕동,화,21,28
안녕동,화,22,8
안녕동,화,23,2
양감면,금,9,8
양감면,금,15,4
양감면,금,22,1
양감면,목,9,1
양감면,목,10,5
양감면,목,12,1
양감면,목,16,4
양감면,수,10,9
양감면,수,11,2
양감면,수,15,1
양감면,월,7,1
양감면,월,9,10
양감면,월,10,8
양감면,월,11,2
양감면,월,13,1
양감면,월,15,2
양감면,월,16,1
양감면,일,15,1
양감면,화,9,7
양감면,화,10,2
양감면,화,11,4
양감면,화,15,4
양감면,화,16,4
영천동,금,0,1
영천동,금,1,1
영천동,금,6,4
영천동,금,7,176
영천동,금,8,201
영천동,금,9,181
영천동,금,10,604
영천동,금,11,162
영천동,금,12,111
영천동,금,13,119
영천동,금,14,81
영천동,금,15,330
영천동,금,16,459
영천동,금,17,212
영천동,금,18,179
영천동,금,19,172
영천동,금,20,211
영천동,금,21,147
영천동,금,22,12
영천동,금,23,7
영천동,목,0,3
영천동,목,1,1
영천동,목,3,1
영천동,목,4,1
영천동,목,5,1
영천동,목,6,2
영천동,목,7,146
영천동,목,8,155
영천동,목,9,226
영천동,목,10,814
영천동,목,11,126
영천동,목,12,100
영천동,목,13,49
영천동,목,14,82
영천동,목,15,277
영천동,목,16,399
영천동,목,17,202
영천동,목,18,143
영천동,목,19,182
영천동,목,20,215
영천동,목,21,128
영천동,목,22,11
영천동,목,23,16
영천동,수,0,2
영천동,수,1,2
영천동,수,6,4
영천동,수,7,146
영천동,수,8,126
영천동,수,9,223
영천동,수,10,681
영천동,수,11,172
영천동,수,12,95
영천동,수,13,90
영천동,수,14,73
영천동,수,15,246
영천동,수,16,270
영천동,수,17,265
영천동,수,18,158
영천동,수,19,199
영천동,수,20,266
영천동,수,21,178
영천동,수,22,27
영천동,수,23,14
영천동,월,0,2
영천동,월,1,1
영천동,월,6,3
영천동,월,7,153
영천동,월,8,125
영천동,월,9,149
영천동,월,10,563
영천동,월,11,122
영천동,월,12,150
영천동,월,13,74
영천동,월,14,95
영천동,월,15,291
영천동,월,16,492
영천동,월,17,243
영천동,월,18,160
영천동,월,19,191
영천동,월,20,233
영천동,월,21,117
영천동,월,22,24
영천동,월,23,12
영천동,일,0,1
영천동,일,8,3
영천동,일,9,23
영천동,일,10,18
영천동,일,11,27
영천동,일,12,22
영천동,일,13,22
영천동,일,14,20
영천동,일,15,314
영천동,일,16,210
영천동,일,17,166
영천동,일,18,46
영천동,일,19,33
영천동,일,20,18
영천동,일,21,6
영천동,일,22,7
영천동,일,23,5
영천동,토,0,2
영천동,토,1,2
영천동,토,4,2
영천동,토,7,9
영천동,토,8,6
영천동,토,9,201
영천동,토,10,187
영천동,토,11,41
영천동,토,12,41
영천동,토,13,23
영천동,토,14,34
영천동,토,15,285
영천동,토,16,204
영천동,토,17,143
영천동,토,18,21
영천동,토,19,27
영천동,토,20,21
영천동,토,21,10
영천동,토,22,11
영천동,토,23,5
영천동,화,0,8
영천동,화,1,1
영천동,화,2,1
영천동,화,4,1
영천동,화,6,3
영천동,화,7,205
영천동,화,8,190
영천동,화,9,150
영천동,화,10,941
영천동,화,11,146
영천동,화,12,79
영천동,화,13,77
영천동,화,14,79
영천동,화,15,284
영천동,화,16,424
영천동,화,17,154
영천동,화,18,153
영천동,화,19,167
영천동,화,20,232
영천동,화,21,131
영천동,화,22,23
영천동,화,23,3
오산동,금,0,2
오산동,금,1,1
오산동,금,4,1
오산동,금,6,1
오산동,금,7,257
오산동,금,8,136
오산동,금,9,161
오산동,금,10,239
오산동,금,11,39
오산동,금,12,16
오산동,금,13,52
오산동,금,14,33
오산동,금,15,325
오산동,금,16,307
오산동,금,17,284
오산동,금,18,199
오산동,금,19,230
오산동,금,20,299
오산동,금,21,235
오산동,금,22,6
오산동,금,23,4
오산동,목,5,2
오산동,목,6,1
오산동,목,7,269
오산동,목,8,109
오산동,목,9,124
오산동,목,10,192
오산동,목,11,48
오산동,목,12,12
오산동,목,13,8
오산동,목,14,31
오산동,목,15,318
오산동,목,16,365
오산동,목,17,265
오산동,목,18,197
오산동,목,19,243
오산동,목,20,278
오산동,목,21,186
오산동,목,22,5
오산동,목,23,3
오산동,수,6,3
오산동,수,7,285
오산동,수,8,144
오산동,수,9,153
오산동,수,10,425
오산동,수,11,52
오산동,수,12,16
오산동,수,13,14
오산동,수,14,26
오산동,수,15,309
오산동,수,16,312
오산동,수,17,247
오산동,수,18,196
오산동,수,19,235
오산동,수,20,259
오산동,수,21,219
오산동,수,22,1
오산동,수,23,2
오산동,월,0,2
오산동,월,1,2
오산동,월,5,2
오산동,월,7,303
오산동,월,8,156
오산동,월,9,193
오산동,월,10,282
오산동,월,11,48
오산동,월,12,9
오산동,월,13,18
오산동,월,14,35
오산동,월,15,367
오산동,월,16,333
오산동,월,17,238
오산동,월,18,190
오산동,월,19,217
오산동,월,20,241
오산동,월,21,227
오산동,월,22,7
오산동,월,23,1
오산동,일,0,7
오산동,일,1,2
오산동,일,3,1
오산동,일,5,3
오산동,일,7,6
오산동,일,8,5
오산동,일,9,18
오산동,일,10,49
오산동,일,11,31
오산동,일,12,29
오산동,일,13,24
오산동,일,14,53
오산동,일,15,758
오산동,일,16,523
오산동,일,17,375
오산동,일,18,35
오산동,일,19,16
오산동,일,20,15
오산동,일,21,8
오산동,일,22,5
오산동,일,23,6
오산동,토,1,2
오산동,토,3,1
오산동,토,6,2
오산동,토,7,7
오산동,토,8,1
오산동,토,9,618
오산동,토,10,409
오산동,토,11,64
오산동,토,12,36
오산동,토,13,25
오산동,토,14,27
오산동,토,15,681
오산동,토,16,412
오산동,토,17,301
오산동,토,18,53
오산동,토,19,11
오산동,토,20,14
오산동,토,21,20
오산동,토,22,4
오산동,토,23,2
오산동,화,0,2
오산동,화,2,1
오산동,화,6,1
오산동,화,7,255
오산동,화,8,124
오산동,화,9,179
오산동,화,10,242
오산동,화,11,47
오산동,화,12,6
오산동,화,13,16
오산동,화,14,57
오산동,화,15,333
오산동,화,16,252
오산동,화,17,227
오산동,화,18,210
오산동,화,19,210
오산동,화,20,249
오산동,화,21,199
오산동,화,22,5
우정읍,금,1,1
우정읍,금,7,2
우정읍,금,8,1
우정읍,금,9,218
우정읍,금,10,114
우정읍,금,11,2
우정읍,금,12,3
우정읍,금,13,2
우정읍,금,14,1
우정읍,금,15,199
우정읍,금,16,94
우정읍,금,17,113
우정읍,금,18,5
우정읍,금,20,2
우정읍,금,21,1
우정읍,목,5,1
우정읍,목,7,1
우정읍,목,8,2
우정읍,목,9,160
우정읍,목,10,129
우정읍,목,11,3
우정읍,목,12,2
우정읍,목,13,10
우정읍,목,14,1
우정읍,목,15,149
우정읍,목,16,106
우정읍,목,17,96
우정읍,목,18,3
우정읍,목,19,2
우정읍,목,20,2
우정읍,목,22,1
우정읍,수,0,1
우정읍,수,2,3
우정읍,수,5,1
우정읍,수,7,6
우정읍,수,8,3
우정읍,수,9,129
우정읍,수,10,80
우정읍,수,11,2
우정읍,수,13,3
우정읍,수,14,4
우정읍,수,15,296
우정읍,수,16,123
우정읍,수,17,122
우정읍,수,18,4
우정읍,수,19,1
우정읍,수,20,3
우정읍,수,21,4
우정읍,수,22,1
우정읍,수,23,2
우정읍,월,0,2
우정읍,월,6,1
우정읍,월,8,3
우정읍,월,9,262
우정읍,월,10,119
우정읍,월,11,1
우정읍,월,12,3
우정읍,월,13,1
우정읍,월,14,1
우정읍,월,15,95
우정읍,월,16,101
우정읍,월,17,99
우정읍,월,18,2
우정읍,월,19,2
우정읍,월,20,3
우정읍,일,1,2
우정읍,일,7,1
우정읍,일,8,1
우정읍,일,9,3
우정읍,일,10,1
우정읍,일,11,6
우정읍,일,12,4
우정읍,일,13,3
우정읍,일,14,4
우정읍,일,15,7
우정읍,일,16,1
우정읍,일,17,3
우정읍,일,18,2
우정읍,토,5,1
우정읍,토,7,1
우정읍,토,8,1
우정읍,토,9,1
우정읍,토,10,1
우정읍,토,11,1
우정읍,토,12,3
우정읍,토,13,1
우정읍,토,14,10
우정읍,토,15,2
우정읍,토,16,4
우정읍,토,17,7
우정읍,토,18,4
우정읍,토,19,1
우정읍,토,20,1
우정읍,토,21,2
우정읍,화,3,1
우정읍,화,5,2
우정읍,화,7,5
우정읍,화,8,4
우정읍,화,9,127
우정읍,화,10,75
우정읍,화,11,1
우정읍,화,13,1
우정읍,화,14,1
우정읍,화,15,122
우정읍,화,16,150
우정읍,화,17,117
우정읍,화,18,1
우정읍,화,20,3
장안면,금,9,1
장안면,금,10,1
장안면,금,11,1
장안면,금,12,4
장안면,금,13,1
장안면,금,14,1
장안면,금,15,5
장안면,금,16,4
장안면,금,17,5
장안면,금,18,8
장안면,금,19,8
장안면,금,20,1
장안면,금,21,2
장안면,금,22,1
장안면,목,8,1
장안면,목,11,1
장안면,목,12,4
장안면,목,13,1
장안면,목,15,1
장안면,목,16,4
장안면,목,17,7
장안면,목,18,5
장안면,목,19,8
장안면,목,20,1
장안면,수,0,1
장안면,수,9,1
장안면,수,10,1
장안면,수,11,2
장안면,수,12,4
장안면,수,13,1
장안면,수,15,1
장안면,수,16,2
장안면,수,17,7
장안면,수,18,10
장안면,수,19,10
장안면,수,20,1
장안면,월,8,1
장안면,월,11,1
장안면,월,12,1
장안면,월,13,4
장안면,월,14,1
장안면,월,15,2
장안면,월,16,4
장안면,월,17,2
장안면,월,18,8
장안면,월,19,12
장안면,월,20,1
장안면,일,9,2
장안면,일,12,1
장안면,일,13,1
장안면,일,15,3
장안면,일,16,8
장안면,일,17,5
장안면,토,9,3
장안면,토,10,1
장안면,토,14,2
장안면,토,15,11
장안면,토,16,4
장안면,토,17,5
장안면,토,18,1
장안면,화,11,5
장안면,화,12,4
장안면,화,13,1
장안면,화,14,1
장안면,화,15,2
장안면,화,16,6
장안면,화,17,4
장안면,화,18,10
장안면,화,19,7
장안면,화,20,1
장지동,금,0,2
장지동,금,3,3
장지동,금,6,4
장지동,금,7,9
장지동,금,8,9
장지동,금,9,7
장지동,금,10,9
장지동,금,11,13
장지동,금,12,16
장지동,금,13,10
장지동,금,14,12
장지동,금,15,15
장지동,금,16,15
장지동,금,17,17
장지동,금,18,11
장지동,금,19,16
장지동,금,20,38
장지동,금,21,33
장지동,금,22,3
장지동,금,23,4
장지동,목,6,1
장지동,목,7,13
장지동,목,8,15
장지동,목,9,11
장지동,목,10,14
장지동,목,11,10
장지동,목,12,7
장지동,목,13,11
장지동,목,14,11
장지동,목,15,13
장지동,목,16,29
장지동,목,17,8
장지동,목,18,19
장지동,목,19,11
장지동,목,20,20
장지동,목,21,28
장지동,목,22,3
장지동,목,23,6
장지동,수,3,2
장지동,수,6,4
장지동,수,7,14
장지동,수,8,12
장지동,수,9,5
장지동,수,10,8
장지동,수,11,21
장지동,수,12,12
장지동,수,13,13
장지동,수,14,11
장지동,수,15,14
장지동,수,16,21
장지동,수,17,15
장지동,수,18,7
장지동,수,19,12
장지동,수,20,23
장지동,수,21,19
장지동,수,22,4
장지동,수,23,2
장지동,월,1,1
장지동,월,3,3
장지동,월,7,13
장지동,월,8,14
장지동,월,9,10
장지동,월,10,13
장지동,월,11,12
장지동,월,12,16
장지동,월,13,4
장지동,월,14,13
장지동,월,15,13
장지동,월,16,14
장지동,월,17,14
장지동,월,18,12
장지동,월,19,17
장지동,월,20,26
장지동,월,21,7
장지동,월,22,3
장지동,일,1,1
장지동,일,3,1
장지동,일,6,4
장지동,일,8,2
장지동,일,9,8
장지동,일,10,4
장지동,일,11,6
장지동,일,12,7
장지동,일,13,7
장지동,일,14,3
장지동,일,15,10
장지동,일,16,15
장지동,일,17,15
장지동,일,18,7
장지동,일,19,14
장지동,일,20,16
장지동,일,21,9
장지동,일,22,2
장지동,토,0,1
장지동,토,4,1
장지동,토,7,2
장지동,토,8,7
장지동,토,9,8
장지동,토,10,16
장지동,토,11,10
장지동,토,12,18
장지동,토,13,6
장지동,토,14,4
장지동,토,15,11
장지동,토,16,7
장지동,토,17,18
장지동,토,18,2
장지동,토,19,15
장지동,토,20,13
장지동,토,21,15
장지동,토,22,4
장지동,토,23,1
장지동,화,0,1
장지동,화,3,1
장지동,화,4,3
장지동,화,7,14
장지동,화,8,8
장지동,화,9,6
장지동,화,10,13
장지동,화,11,11
장지동,화,12,8
장지동,화,13,14
장지동,화,14,13
장지동,화,15,17
장지동,화,16,28
장지동,화,17,9
장지동,화,18,7
장지동,화,19,21
장지동,화,20,7
장지동,화,21,31
장지동,화,22,4
장지동,화,23,3
정남면,금,7,1
정남면,금,8,10
정남면,금,9,1
정남면,금,10,5
정남면,금,11,2
정남면,금,12,6
정남면,금,13,3
정남면,금,15,2
정남면,금,16,22
정남면,금,17,1
정남면,금,21,1
정남면,목,8,5
정남면,목,9,2
정남면,목,10,9
정남면,목,11,1
정남면,목,12,1
정남면,목,13,3
정남면,목,14,1
정남면,목,15,8
정남면,목,17,2
정남면,목,19,1
정남면,목,21,1
정남면,수,7,1
정남면,수,8,8
정남면,수,9,2
정남면,수,10,33
정남면,수,11,1
정남면,수,12,11
정남면,수,14,5
정남면,수,15,6
정남면,수,16,11
정남면,수,17,2
정남면,수,18,1
정남면,월,8,2
정남면,월,9,3
정남면,월,10,15
정남면,월,11,4
정남면,월,12,10
정남면,월,13,3
정남면,월,14,4
정남면,월,15,7
정남면,월,16,2
정남면,일,11,1
정남면,일,15,2
정남면,일,16,1
정남면,일,17,1
정남면,토,17,1
정남면,토,18,1
정남면,토,21,2
정남면,화,8,5
정남면,화,10,6
정남면,화,12,4
정남면,화,13,7
정남면,화,14,3
정남면,화,15,6
정남면,화,16,1
정남면,화,18,1
정남면,화,20,1
진안동,금,0,16
진안동,금,1,6
진안동,금,2,10
진안동,금,3,1
진안동,금,4,4
진안동,금,5,10
진안동,금,6,9
진안동,금,7,90
진안동,금,8,109
진안동,금,9,102
진안동,금,10,283
진안동,금,11,33
진안동,금,12,24
진안동,금,13,34
진안동,금,14,28
진안동,금,15,100
진안동,금,16,92
진안동,금,17,126
진안동,금,18,92
진안동,금,19,127
진안동,금,20,147
진안동,금,21,113
진안동,금,22,37
진안동,금,23,27
진안동,목,0,14
진안동,목,1,9
진안동,목,2,11
진안동,목,3,1
진안동,목,5,9
진안동,목,6,22
진안동,목,7,88
진안동,목,8,84
진안동,목,9,141
진안동,목,10,229
진안동,목,11,34
진안동,목,12,16
진안동,목,13,30
진안동,목,14,19
진안동,목,15,92
진안동,목,16,106
진안동,목,17,90
진안동,목,18,83
진안동,목,19,100
진안동,목,20,189
진안동,목,21,94
진안동,목,22,30
진안동,목,23,26
진안동,수,0,24
진안동,수,1,13
진안동,수,2,4
진안동,수,3,1
진안동,수,4,3
진안동,수,5,10
진안동,수,6,11
진안동,수,7,93
진안동,수,8,101
진안동,수,9,113
진안동,수,10,241
진안동,수,11,30
진안동,수,12,25
진안동,수,13,20
진안동,수,14,18
진안동,수,15,133
진안동,수,16,80
진안동,수,17,110
진안동,수,18,92
진안동,수,19,145
진안동,수,20,187
진안동,수,21,111
진안동,수,22,32
진안동,수,23,13
진안동,월,0,15
진안동,월,1,13
진안동,월,2,16
진안동,월,3,9
진안동,월,4,10
진안동,월,5,10
진안동,월,6,7
진안동,월,7,105
진안동,월,8,47
진안동,월,9,182
진안동,월,10,345
진안동,월,11,29
진안동,월,12,35
진안동,월,13,28
진안동,월,14,25
진안동,월,15,114
진안동,월,16,138
진안동,월,17,76
진안동,월,18,75
진안동,월,19,83
진안동,월,20,135
진안동,월,21,99
진안동,월,22,31
진안동,월,23,24
진안동,일,0,12
진안동,일,1,19
진안동,일,2,21
진안동,일,3,23
진안동,일,4,6
진안동,일,5,3
진안동,일,6,6
진안동,일,7,3
진안동,일,8,15
진안동,일,9,97
진안동,일,10,68
진안동,일,11,17
진안동,일,12,43
진안동,일,13,57
진안동,일,14,30
진안동,일,15,141
진안동,일,16,91
진안동,일,17,72
진안동,일,18,18
진안동,일,19,16
진안동,일,20,26
진안동,일,21,24
진안동,일,22,20
진안동,일,23,16
진안동,토,0,14
진안동,토,1,18
진안동,토,2,8
진안동,토,3,5
진안동,토,4,2
진안동,토,5,2
진안동,토,6,12
진안동,토,7,12
진안동,토,8,4
진안동,토,9,84
진안동,토,10,74
진안동,토,11,25
진안동,토,12,25
진안동,토,13,26
진안동,토,14,16
진안동,토,15,109
진안동,토,16,71
진안동,토,17,59
진안동,토,18,14
진안동,토,19,18
진안동,토,20,16
진안동,토,21,18
진안동,토,22,17
진안동,토,23,9
진안동,화,0,16
진안동,화,1,23
진안동,화,2,9
진안동,화,3,10
진안동,화,4,2
진안동,화,5,18
진안동,화,6,14
진안동,화,7,97
진안동,화,8,141
진안동,화,9,148
진안동,화,10,295
진안동,화,11,46
진안동,화,12,20
진안동,화,13,41
진안동,화,14,39
진안동,화,15,110
진안동,화,16,86
진안동,화,17,74
진안동,화,18,87
진안동,화,19,127
진안동,화,20,122
진안동,화,21,84
진안동,화,22,32
진안동,화,23,23
청계동,금,7,12
청계동,금,8,14
청계동,금,9,18
청계동,금,10,21
청계동,금,11,11
청계동,금,12,8
청계동,금,13,4
청계동,금,14,11
청계동,금,15,46
청계동,금,16,64
청계동,금,17,40
청계동,금,18,31
청계동,금,19,30
청계동,금,20,28
청계동,금,21,25
청계동,목,6,1
청계동,목,7,16
청계동,목,8,11
청계동,목,9,21
청계동,목,10,16
청계동,목,11,1
청계동,목,12,7
청계동,목,13,10
청계동,목,14,3
청계동,목,15,43
청계동,목,16,45
청계동,목,17,59
청계동,목,18,47
청계동,목,19,41
청계동,목,20,37
청계동,목,21,33
청계동,목,22,1
청계동,수,6,2
청계동,수,7,13
청계동,수,8,15
청계동,수,9,20
청계동,수,10,17
청계동,수,11,4
청계동,수,12,3
청계동,수,13,3
청계동,수,14,3
청계동,수,15,48
청계동,수,16,33
청계동,수,17,43
청계동,수,18,39
청계동,수,19,30
청계동,수,20,31
청계동,수,21,27
청계동,수,22,1
청계동,월,5,1
청계동,월,7,10
청계동,월,8,4
청계동,월,9,15
청계동,월,10,16
청계동,월,11,1
청계동,월,12,4
청계동,월,13,4
청계동,월,14,5
청계동,월,15,47
청계동,월,16,48
청계동,월,17,37
청계동,월,18,35
청계동,월,19,42
청계동,월,20,34
청계동,월,21,27
청계동,월,22,2
청계동,일,8,1
청계동,일,9,4
청계동,일,10,2
청계동,일,11,1
청계동,일,12,2
청계동,일,13,8
청계동,일,14,3
청계동,일,15,46
청계동,일,16,44
청계동,일,17,38
청계동,일,18,2
청계동,일,19,4
청계동,일,22,1
청계동,토,6,1
청계동,토,7,1
청계동,토,8,2
청계동,토,9,27
청계동,토,10,32
청계동,토,11,1
청계동,토,12,10
청계동,토,13,13
청계동,토,14,3
청계동,토,15,65
청계동,토,16,49
청계동,토,17,43
청계동,토,18,1
청계동,토,19,1
청계동,화,7,10
청계동,화,8,9
청계동,화,9,18
청계동,화,10,18
청계동,화,11,1
청계동,화,12,6
청계동,화,13,2
청계동,화,14,7
청계동,화,15,43
청계동,화,16,33
청계동,화,17,45
청계동,화,18,45
청계동,화,19,34
청계동,화,20,34
청계동,화,21,28
팔탄면,금,9,4
팔탄면,금,10,7
팔탄면,금,12,4
팔탄면,금,13,7
팔탄면,금,14,4
팔탄면,금,15,9
팔탄면,금,16,3
팔탄면,금,17,3
팔탄면,금,18,3
팔탄면,금,19,5
팔탄면,목,9,6
팔탄면,목,10,1
팔탄면,목,11,4
팔탄면,목,12,6
팔탄면,목,13,2
팔탄면,목,14,6
팔탄면,목,15,18
팔탄면,목,16,4
팔탄면,목,17,6
팔탄면,목,18,1
팔탄면,목,19,1
팔탄면,수,9,9
팔탄면,수,10,7
팔탄면,수,11,2
팔탄면,수,12,7
팔탄면,수,13,6
팔탄면,수,14,7
팔탄면,수,15,17
팔탄면,수,16,2
팔탄면,수,17,11
팔탄면,수,21,2
팔탄면,월,8,2
팔탄면,월,9,9
팔탄면,월,10,9
팔탄면,월,11,3
팔탄면,월,12,9
팔탄면,월,13,5
팔탄면,월,14,1
팔탄면,월,15,10
팔탄면,월,16,5
팔탄면,월,17,6
팔탄면,일,16,2
팔탄면,토,9,1
팔탄면,토,11,4
팔탄면,토,12,2
팔탄면,토,15,4
팔탄면,토,16,2
팔탄면,토,17,1
팔탄면,화,7,1
팔탄면,화,9,3
팔탄면,화,10,5
팔탄면,화,11,4
팔탄면,화,12,8
팔탄면,화,13,2
팔탄면,화,14,4
팔탄면,화,15,12
팔탄면,화,16,2
팔탄면,화,17,7
팔탄면,화,18,1
팔탄면,화,19,1
향남읍,금,0,11
향남읍,금,1,2
향남읍,금,3,6
향남읍,금,6,6
향남읍,금,7,296
향남읍,금,8,116
향남읍,금,9,573
향남읍,금,10,396
향남읍,금,11,40
향남읍,금,12,45
향남읍,금,13,54
향남읍,금,14,51
향남읍,금,15,1020
향남읍,금,16,742
향남읍,금,17,742
향남읍,금,18,255
향남읍,금,19,253
향남읍,금,20,296
향남읍,금,21,177
향남읍,금,22,27
향남읍,금,23,14
향남읍,목,0,15
향남읍,목,1,1
향남읍,목,5,2
향남읍,목,6,4
향남읍,목,7,299
향남읍,목,8,117
향남읍,목,9,613
향남읍,목,10,421
향남읍,목,11,30
향남읍,목,12,49
향남읍,목,13,42
향남읍,목,14,39
향남읍,목,15,1015
향남읍,목,16,648
향남읍,목,17,706
향남읍,목,18,252
향남읍,목,19,245
향남읍,목,20,462
향남읍,목,21,156
향남읍,목,22,20
향남읍,목,23,12
향남읍,수,0,5
향남읍,수,2,1
향남읍,수,5,2
향남읍,수,6,2
향남읍,수,7,295
향남읍,수,8,119
향남읍,수,9,638
향남읍,수,10,377
향남읍,수,11,32
향남읍,수,12,57
향남읍,수,13,45
향남읍,수,14,45
향남읍,수,15,988
향남읍,수,16,679
향남읍,수,17,742
향남읍,수,18,290
향남읍,수,19,255
향남읍,수,20,472
향남읍,수,21,190
향남읍,수,22,31
향남읍,수,23,16
향남읍,월,0,3
향남읍,월,1,2
향남읍,월,5,1
향남읍,월,6,2
향남읍,월,7,305
향남읍,월,8,122
향남읍,월,9,695
향남읍,월,10,583
향남읍,월,11,40
향남읍,월,12,55
향남읍,월,13,49
향남읍,월,14,54
향남읍,월,15,1043
향남읍,월,16,659
향남읍,월,17,769
향남읍,월,18,232
향남읍,월,19,189
향남읍,월,20,384
향남읍,월,21,135
향남읍,월,22,20
향남읍,월,23,23
향남읍,일,0,5
향남읍,일,1,3
향남읍,일,2,3
향남읍,일,4,1
향남읍,일,5,1
향남읍,일,7,4
향남읍,일,8,24
향남읍,일,9,747
향남읍,일,10,314
향남읍,일,11,11
향남읍,일,12,14
향남읍,일,13,17
향남읍,일,14,14
향남읍,일,15,1104
향남읍,일,16,653
향남읍,일,17,495
향남읍,일,18,18
향남읍,일,19,20
향남읍,일,20,15
향남읍,일,21,17
향남읍,일,22,12
향남읍,일,23,9
향남읍,토,0,8
향남읍,토,1,3
향남읍,토,2,6
향남읍,토,3,1
향남읍,토,5,3
향남읍,토,6,3
향남읍,토,8,9
향남읍,토,9,777
향남읍,토,10,546
향남읍,토,11,22
향남읍,토,12,13
향남읍,토,13,13
향남읍,토,14,27
향남읍,토,15,957
향남읍,토,16,633
향남읍,토,17,509
향남읍,토,18,12
향남읍,토,19,33
향남읍,토,20,33
향남읍,토,21,22
향남읍,토,22,15
향남읍,토,23,10
향남읍,화,0,8
향남읍,화,1,3
향남읍,화,2,1
향남읍,화,4,1
향남읍,화,5,2
향남읍,화,6,2
향남읍,화,7,321
향남읍,화,8,107
향남읍,화,9,670
향남읍,화,10,456
향남읍,화,11,40
향남읍,화,12,64
향남읍,화,13,43
향남읍,화,14,46
향남읍,화,15,1080
향남읍,화,16,667
향남읍,화,17,734
향남읍,화,18,205
향남읍,화,19,194
향남읍,화,20,358
향남읍,화,21,172
향남읍,화,22,23
향남읍,화,23,11
